StartDate,EndDate,Status,IPAddress,Progress,Duration (in seconds),Finished,RecordedDate,ResponseId,RecipientLastName,RecipientFirstName,RecipientEmail,ExternalReference,LocationLatitude,LocationLongitude,DistributionChannel,UserLanguage,A1,postID,C1,C2,C3,HP_1,H1a,H2a,H3a,H3b,H4a,H4b,H4c,H4d,H5a,H5b,H6a,H7a,H7b,H8a,H8b,H8c,H9a,H9b,H10a,H10b,Remarks
Start Date,End Date,Response Type,IP Address,Progress,Duration (in seconds),Finished,Recorded Date,Response ID,Recipient Last Name,Recipient First Name,Recipient Email,External Data Reference,Location Latitude,Location Longitude,Distribution Channel,User Language,Who is the coder?,What is the post ID,"What is the subreddit?
Please indicate from which subreddit the post you sampled is.","What is the link to the post?
Please copy-paste the direct URL of the post you sampled here.","What type is the comment?
Please indicate whether you are coding the top or controversial comment.",Does the comment include humor?,Does the comment have an instance of humor directed towards a clear victim (criticizes or puts someone down)?,Does the comment poke fun at the comments’ author’s faults or shortcomings?,Is the comment directly referring to sexual content?,Is the comment sexually suggestive?,Does the comment include a lack of respect for authority?,Does the comment include something rude and is likely to upset or anger people?,Does the comment reference something offensive (i.e. not “politically correct”)?,Does the comment refer to sex and/or the human body in an unpleasant way?,Does the comment involve misfortune (an unfortunate condition or event)?,"Does the comment deflect from something traumatic (for example death, mental illness or an accident)?
To deflect: Framing something negative as something positive.","Does the comment refer to a commonly known situation, thing or public figure?",Does the comment contain a creative way of using words or parts of words?,"Does the comment exploit the different possible meanings of a word?

For example: Referencing words that sound alike but have a different meaning.",Does the comment contain a surprising element?,Does the comment contain something (anti) climactic?,Does the comment contain an unexpected comparison?,Does the comment express something wildly unreasonable?,"Does the comment violate causal reasoning, as in that it is incompatible with the world as we know it?",Does the comment contain an exaggerated statement?,Does the comment contain something not to be taken literally?,"Do you have any relevant remarks regarding the content of the comment?
Examples:
- There is specific background knowledge needed to understand a type of humor, which can be explained here. E.g. “What irritates you the most?” Answer: “LOUD PEOPLE”. This can be coded as incongruity, but would need a specific explanation: “writing something in capslock is the equivalent of screaming in an online environment”.

- The commentator uses an emoji as part of their joke and it cannot be interpreted as a joke without the emoji. Please explain in detail what the emoji means in the context of the comment.

- You found the comment funny and it does not fit any of the categories. Please specify below."
"{""ImportId"":""startDate"",""timeZone"":""America/Denver""}","{""ImportId"":""endDate"",""timeZone"":""America/Denver""}","{""ImportId"":""status""}","{""ImportId"":""ipAddress""}","{""ImportId"":""progress""}","{""ImportId"":""duration""}","{""ImportId"":""finished""}","{""ImportId"":""recordedDate"",""timeZone"":""America/Denver""}","{""ImportId"":""_recordId""}","{""ImportId"":""recipientLastName""}","{""ImportId"":""recipientFirstName""}","{""ImportId"":""recipientEmail""}","{""ImportId"":""externalDataReference""}","{""ImportId"":""locationLatitude""}","{""ImportId"":""locationLongitude""}","{""ImportId"":""distributionChannel""}","{""ImportId"":""userLanguage""}","{""ImportId"":""QID1""}","{""ImportId"":""QID31_TEXT""}","{""ImportId"":""QID2""}","{""ImportId"":""QID11_TEXT""}","{""ImportId"":""QID12""}","{""ImportId"":""QID30""}","{""ImportId"":""QID23""}","{""ImportId"":""QID26""}","{""ImportId"":""QID28""}","{""ImportId"":""QID29""}","{""ImportId"":""QID18""}","{""ImportId"":""QID19""}","{""ImportId"":""QID22""}","{""ImportId"":""QID45""}","{""ImportId"":""QID16""}","{""ImportId"":""QID17""}","{""ImportId"":""QID15""}","{""ImportId"":""QID13""}","{""ImportId"":""QID14""}","{""ImportId"":""QID8""}","{""ImportId"":""QID9""}","{""ImportId"":""QID10""}","{""ImportId"":""QID6""}","{""ImportId"":""QID7""}","{""ImportId"":""QID4""}","{""ImportId"":""QID5""}","{""ImportId"":""QID3_TEXT""}"
2023-02-24 07:10:34,2023-02-24 07:13:21,Survey Preview,,100,167,True,2023-02-24 07:13:22,R_3fHSvr9mxUEWTmj,,,,,52.3672,4.918,preview,EN,,,,,,,,,,,,,,,,,,,,,No,,,,,,
2023-02-24 08:12:28,2023-02-24 08:12:43,Survey Preview,,100,15,True,2023-02-24 08:12:44,R_3DtOZSqSMhagLnL,,,,,52.3759,4.8975,preview,EN,Yuhui,1,r/funny,,Sort by “controversial”,No,,,,,,,,,,,,,,,,,,,,,
2023-02-24 08:14:55,2023-02-24 08:15:05,Survey Preview,,100,10,True,2023-02-24 08:15:06,R_Cf8FEGXIx8MDbGx,,,,,52.3672,4.918,preview,EN,Yuhui,ee,r/AskReddit,,Sort by “controversial”,No,,,,,,,,,,,,,,,,,,,,,
2023-02-24 11:45:34,2023-02-24 11:46:43,IP Address,77.63.21.129,100,69,True,2023-02-24 11:46:44,R_2VfsJwDkrq4cYKG,,,,,52.2,5.1133,anonymous,EN,Yuhui,1,r/gaming,,Sort by “top”,No,,,,,,,,,,,,,,,,,,,,,
2023-02-24 11:46:50,2023-02-24 11:47:29,IP Address,77.63.21.129,100,38,True,2023-02-24 11:47:30,R_21FBlqN4AFOv8wy,,,,,52.2,5.1133,anonymous,EN,Yuhui,1,r/gaming,,Sort by “controversial”,No,,,,,,,,,,,,,,,,,,,,,
2023-02-24 11:53:12,2023-02-24 11:53:35,IP Address,77.63.21.129,100,22,True,2023-02-24 11:53:35,R_2tb3vFQn2PgHj4a,,,,,52.2,5.1133,anonymous,EN,Yuhui,2,r/gaming,,Sort by “top”,No,,,,,,,,,,,,,,,,,,,,,
2023-02-24 11:53:41,2023-02-24 11:54:02,IP Address,77.63.21.129,100,21,True,2023-02-24 11:54:02,R_1P6kH1NbwxqwAp0,,,,,52.2,5.1133,anonymous,EN,Yuhui,2,r/gaming,,Sort by “controversial”,No,,,,,,,,,,,,,,,,,,,,,
2023-02-24 11:54:16,2023-02-24 11:58:02,IP Address,77.63.21.129,100,226,True,2023-02-24 11:58:03,R_2aaVlwWevAj1abq,,,,,52.2,5.1133,anonymous,EN,Yuhui,3,r/gaming,,Sort by “top”,Yes,No,No,No,No,No,No,No,,No,No,No,No,No,Yes,Yes,Yes,No,No,No,No,
2023-02-24 11:58:07,2023-02-24 12:02:05,IP Address,77.63.21.129,100,238,True,2023-02-24 12:02:05,R_3qkBApa93Qru4bq,,,,,52.2,5.1133,anonymous,EN,Yuhui,3,r/gaming,,Sort by “controversial”,Yes,No,No,No,No,No,No,No,,No,No,No,Yes,No,No,No,Yes,No,No,No,No,
2023-02-24 12:02:08,2023-02-24 12:03:17,IP Address,77.63.21.129,100,68,True,2023-02-24 12:03:17,R_30hR6wmBonKayOS,,,,,52.2,5.1133,anonymous,EN,Yuhui,4,r/gaming,,Sort by “top”,No,,,,,,,,,,,,,,,,,,,,,
2023-02-24 12:03:20,2023-02-24 12:04:04,IP Address,77.63.21.129,100,44,True,2023-02-24 12:04:05,R_9NxY8HkfDBOh3hv,,,,,52.2,5.1133,anonymous,EN,Yuhui,4,r/gaming,,Sort by “controversial”,No,,,,,,,,,,,,,,,,,,,,,
2023-02-24 12:04:07,2023-02-24 12:06:44,IP Address,77.63.21.129,100,156,True,2023-02-24 12:06:44,R_3oXWlqWrs6sAn1F,,,,,52.2,5.1133,anonymous,EN,Yuhui,4,r/gaming,,Sort by “controversial”,Yes,No,No,No,No,No,No,No,,No,No,Yes,No,No,No,No,No,No,No,No,No,this is the one ignore the last one
2023-02-24 12:07:15,2023-02-24 12:11:41,IP Address,77.63.21.129,100,265,True,2023-02-24 12:11:41,R_10JjqvbhRJlfWun,,,,,52.2,5.1133,anonymous,EN,Yuhui,5,r/gaming,,Sort by “top”,Yes,No,No,No,No,No,No,No,,No,No,Yes,No,No,Yes,No,Yes,No,No,No,No,
2023-02-24 12:11:47,2023-02-24 12:14:29,IP Address,77.63.21.129,100,162,True,2023-02-24 12:14:30,R_26gvacaSrWozNjT,,,,,52.2,5.1133,anonymous,EN,Yuhui,5,r/gaming,,Sort by “controversial”,Yes,No,No,No,No,No,No,No,,No,No,No,No,No,Yes,Yes,Yes,No,No,Yes,No,
2023-02-24 12:15:49,2023-02-24 12:19:23,IP Address,77.63.21.129,100,214,True,2023-02-24 12:19:24,R_3L0hAkiA5KU5jRw,,,,,52.2,5.1133,anonymous,EN,Yuhui,6,r/gaming,,Sort by “top”,Yes,No,No,No,No,No,No,No,,No,No,No,Yes,Yes,No,Yes,Yes,No,No,No,No,
2023-02-24 12:19:37,2023-02-24 12:19:55,IP Address,77.63.21.129,100,18,True,2023-02-24 12:19:56,R_1C8GpUkv8zm6g32,,,,,52.2,5.1133,anonymous,EN,Yuhui,6,r/gaming,,Sort by “controversial”,No,,,,,,,,,,,,,,,,,,,,,
2023-02-25 02:56:00,2023-02-25 03:25:51,IP Address,84.86.43.237,100,1791,True,2023-02-25 03:25:52,R_0HcCAXodRdbdS5b,,,,,52.3672,4.918,anonymous,EN,Andjela,1,r/gaming,https://www.reddit.com//r/gaming/comments/zbjvgv/can_we_please_stop_abbreviating_games_with_little/,Sort by “top”,No,,,,,,,,,,,,,,,,,,,,,
2023-02-25 03:26:17,2023-02-25 03:30:32,IP Address,84.86.43.237,100,255,True,2023-02-25 03:30:33,R_WqjZzsRTwCjSC6R,,,,,52.3672,4.918,anonymous,EN,Andjela,1,r/gaming,https://reddit.com//r/gaming/comments/zbjvgv/can_we_please_stop_abbreviating_games_with_little/,Sort by “controversial”,No,,,,,,,,,,,,,,,,,,,,,
2023-02-25 03:31:02,2023-02-25 03:32:18,IP Address,84.86.43.237,100,76,True,2023-02-25 03:32:18,R_7R3dzFvNlzmCVt7,,,,,52.3672,4.918,anonymous,EN,Andjela,2,r/gaming,https://reddit.com//r/gaming/comments/y584zz/in_bioshock_infinite_there_are_washrooms_for/,Sort by “top”,No,,,,,,,,,,,,,,,,,,,,,
2023-02-25 03:31:00,2023-02-25 03:33:03,IP Address,84.86.43.237,100,122,True,2023-02-25 03:33:03,R_eFNYCGoug0TmkPn,,,,,52.3672,4.918,anonymous,EN,Andjela,2,r/gaming,https://reddit.com//r/gaming/comments/y584zz/in_bioshock_infinite_there_are_washrooms_for/,Sort by “controversial”,No,,,,,,,,,,,,,,,,,,,,,
2023-02-25 03:30:59,2023-02-25 03:34:12,IP Address,84.86.43.237,100,192,True,2023-02-25 03:34:12,R_6usqw7IeWMMqnTz,,,,,52.3672,4.918,anonymous,EN,Andjela,3,r/gaming,https://reddit.com//r/gaming/comments/z10wtp/god_of_war_in_the_future/,Sort by “top”,No,,,,,,,,,,,,,,,,,,,,,
2023-02-25 03:34:15,2023-02-25 03:58:16,IP Address,84.86.43.237,100,1441,True,2023-02-25 03:58:17,R_3P6PKDRUWPOApSf,,,,,52.3672,4.918,anonymous,EN,Andjela,3,r/gaming,https://reddit.com//r/gaming/comments/z10wtp/god_of_war_in_the_future/,Sort by “controversial”,No,,,,,,,,,,,,,,,,,,,,,
2023-02-25 03:58:32,2023-02-25 03:59:32,IP Address,84.86.43.237,100,60,True,2023-02-25 03:59:33,R_1fZZARusIGVPfdp,,,,,52.3672,4.918,anonymous,EN,Andjela,4,r/gaming,https://reddit.com//r/gaming/comments/106lg69/old_graphics_new_graphics/,Sort by “top”,No,,,,,,,,,,,,,,,,,,,,,
2023-02-25 03:59:35,2023-02-25 04:00:20,IP Address,84.86.43.237,100,45,True,2023-02-25 04:00:21,R_2ZJNfgNOwC5b25w,,,,,52.3672,4.918,anonymous,EN,Andjela,4,r/gaming,https://reddit.com//r/gaming/comments/106lg69/old_graphics_new_graphics/,Sort by “controversial”,No,,,,,,,,,,,,,,,,,,,,,
2023-02-25 04:00:41,2023-02-25 04:15:17,IP Address,84.86.43.237,100,876,True,2023-02-25 04:15:17,R_3rIeU8P3xc8EmaV,,,,,52.3672,4.918,anonymous,EN,Andjela,5,r/gaming,https://reddit.com//r/gaming/comments/zhyrgs/told_my_son_we_could_watch_the_mario_bros_early/,Sort by “top”,Yes,No,No,No,No,No,No,No,,No,No,Yes,No,No,Yes,No,No,No,No,No,No,
2023-02-25 04:15:24,2023-02-25 04:21:13,IP Address,84.86.43.237,100,349,True,2023-02-25 04:21:13,R_3r2LTn1HZ2fKdmD,,,,,52.3672,4.918,anonymous,EN,Andjela,5,r/gaming,https://reddit.com//r/gaming/comments/zhyrgs/told_my_son_we_could_watch_the_mario_bros_early/,Sort by “controversial”,Yes,No,No,No,No,No,No,No,,No,No,No,No,No,Yes,No,Yes,No,No,Yes,Yes,
2023-02-25 04:21:24,2023-02-25 04:27:32,IP Address,84.86.43.237,100,368,True,2023-02-25 04:27:33,R_3qldVjzLUFizWsI,,,,,52.3672,4.918,anonymous,EN,Andjela,6,r/gaming,https://reddit.com//r/gaming/comments/v3hfj7/ouch/,Sort by “top”,Yes,No,No,No,No,No,No,No,,No,No,No,Yes,Yes,Yes,No,No,No,No,No,No,
2023-02-25 04:31:23,2023-02-25 04:33:32,IP Address,84.86.43.237,100,128,True,2023-02-25 04:33:33,R_33jp2ZkwJluOevC,,,,,52.3672,4.918,anonymous,EN,Andjela,7,r/gaming,https://reddit.com//r/gaming/comments/y5m6j2/i_just_remembered_why_the_internet_was_mad_at_the/,Sort by “top”,No,,,,,,,,,,,,,,,,,,,,,
2023-02-25 04:33:37,2023-02-25 04:34:03,IP Address,84.86.43.237,100,25,True,2023-02-25 04:34:03,R_d0d6t2CfeWR3npv,,,,,52.3672,4.918,anonymous,EN,Andjela,7,r/gaming,https://reddit.com//r/gaming/comments/y5m6j2/i_just_remembered_why_the_internet_was_mad_at_the/,Sort by “controversial”,No,,,,,,,,,,,,,,,,,,,,,
2023-02-25 04:37:41,2023-02-25 04:38:01,IP Address,84.86.43.237,100,19,True,2023-02-25 04:38:02,R_3Lds51dSmj2mrl0,,,,,52.3672,4.918,anonymous,EN,Andjela,6,r/gaming,https://reddit.com//r/gaming/comments/v3hfj7/ouch/,Sort by “controversial”,No,,,,,,,,,,,,,,,,,,,,,
2023-02-25 06:08:12,2023-02-25 06:10:48,IP Address,213.124.188.4,100,156,True,2023-02-25 06:10:48,R_3qqUIrketEWHmXq,,,,,52.3672,4.918,anonymous,EN,Yuhui,7,r/gaming,,Sort by “top”,No,,,,,,,,,,,,,,,,,,,,,
2023-02-25 06:10:51,2023-02-25 06:11:47,IP Address,213.124.188.4,100,56,True,2023-02-25 06:11:48,R_1FnS6tyPGYqVUij,,,,,52.3672,4.918,anonymous,EN,Yuhui,7,r/gaming,,Sort by “controversial”,No,,,,,,,,,,,,,,,,,,,,,
2023-02-25 06:11:49,2023-02-25 06:15:21,IP Address,213.124.188.4,100,211,True,2023-02-25 06:15:21,R_2fkgDufMPnwZATM,,,,,52.3672,4.918,anonymous,EN,Yuhui,8,r/gaming,,Sort by “top”,Yes,No,No,No,No,No,No,No,,No,No,No,No,No,No,Yes,No,No,No,No,No,
2023-02-25 06:15:22,2023-02-25 06:17:03,IP Address,213.124.188.4,100,100,True,2023-02-25 06:17:03,R_3fObbJ4TEIuukOh,,,,,52.3672,4.918,anonymous,EN,Yuhui,8,r/gaming,,Sort by “controversial”,No,,,,,,,,,,,,,,,,,,,,,
2023-02-25 06:17:06,2023-02-25 06:18:02,IP Address,213.124.188.4,100,55,True,2023-02-25 06:18:02,R_VQrhrdTGnfsg5X3,,,,,52.3672,4.918,anonymous,EN,Yuhui,9,r/gaming,,Sort by “top”,No,,,,,,,,,,,,,,,,,,,,,
2023-02-25 06:18:04,2023-02-25 06:18:45,IP Address,213.124.188.4,100,41,True,2023-02-25 06:18:45,R_p44ZQ7VpAn84FEJ,,,,,52.3672,4.918,anonymous,EN,Yuhui,9,r/gaming,,Sort by “controversial”,No,,,,,,,,,,,,,,,,,,,,,
2023-02-25 06:19:10,2023-02-25 06:21:13,IP Address,213.124.188.4,100,123,True,2023-02-25 06:21:13,R_1eIFo6rtfQiZIZE,,,,,52.3672,4.918,anonymous,EN,Yuhui,10,r/gaming,,Sort by “top”,Yes,No,No,No,No,No,No,No,,No,No,Yes,No,No,No,No,Yes,No,No,No,No,
2023-02-25 06:21:15,2023-02-25 06:22:07,IP Address,213.124.188.4,100,52,True,2023-02-25 06:22:07,R_6x7NQdPaVzRd8HL,,,,,52.3672,4.918,anonymous,EN,Yuhui,10,r/gaming,,Sort by “controversial”,No,,,,,,,,,,,,,,,,,,,,,
2023-02-25 06:22:20,2023-02-25 06:25:12,IP Address,213.124.188.4,100,171,True,2023-02-25 06:25:13,R_1OGYKmQBlowsScf,,,,,52.3672,4.918,anonymous,EN,Yuhui,11,r/gaming,,Sort by “top”,Yes,No,No,No,No,No,No,No,,No,No,No,No,No,No,Yes,No,No,No,No,No,
2023-02-25 06:25:13,2023-02-25 06:25:53,IP Address,213.124.188.4,100,39,True,2023-02-25 06:25:53,R_qUubBOJXIsxrUid,,,,,52.3672,4.918,anonymous,EN,Yuhui,12,r/gaming,,Sort by “top”,No,,,,,,,,,,,,,,,,,,,,,
2023-02-25 06:25:54,2023-02-25 06:26:21,IP Address,213.124.188.4,100,27,True,2023-02-25 06:26:22,R_12fkXkWNFhtRwlM,,,,,52.3672,4.918,anonymous,EN,Yuhui,12,r/gaming,,Sort by “controversial”,No,,,,,,,,,,,,,,,,,,,,,
2023-02-25 06:26:23,2023-02-25 06:28:54,IP Address,213.124.188.4,100,150,True,2023-02-25 06:28:54,R_2SGn419Je3fvsq0,,,,,52.3672,4.918,anonymous,EN,Yuhui,13,r/gaming,,Sort by “top”,Yes,No,No,No,No,No,No,No,,No,No,No,No,No,No,No,No,No,No,Yes,No,
2023-02-25 06:28:57,2023-02-25 06:29:24,IP Address,213.124.188.4,100,27,True,2023-02-25 06:29:24,R_AccqjtKWBRIGcCd,,,,,52.3672,4.918,anonymous,EN,Yuhui,13,r/gaming,,Sort by “controversial”,No,,,,,,,,,,,,,,,,,,,,,
2023-02-25 06:29:50,2023-02-25 06:33:17,IP Address,213.124.188.4,100,207,True,2023-02-25 06:33:18,R_272SUSG8aHfuubH,,,,,52.3672,4.918,anonymous,EN,Yuhui,14,r/gaming,,Sort by “top”,Yes,No,No,No,No,No,No,No,,No,No,No,No,No,No,No,No,No,Yes,No,No,
2023-02-25 06:33:22,2023-02-25 06:33:50,IP Address,213.124.188.4,100,28,True,2023-02-25 06:33:50,R_9Hwsaq8CibbdqzT,,,,,52.3672,4.918,anonymous,EN,Yuhui,14,r/gaming,,Sort by “controversial”,No,,,,,,,,,,,,,,,,,,,,,
2023-02-25 06:33:55,2023-02-25 06:36:04,IP Address,213.124.188.4,100,129,True,2023-02-25 06:36:05,R_2z6fJeljYZcKoQs,,,,,52.3672,4.918,anonymous,EN,Yuhui,15,r/gaming,,Sort by “top”,Yes,Yes,No,No,No,No,No,No,,No,No,No,No,No,No,No,No,No,No,No,No,
2023-02-25 06:36:06,2023-02-25 06:36:57,IP Address,213.124.188.4,100,51,True,2023-02-25 06:36:57,R_1hQiehVn8YdIuEM,,,,,52.3672,4.918,anonymous,EN,Yuhui,15,r/gaming,,Sort by “controversial”,No,,,,,,,,,,,,,,,,,,,,,
2023-02-25 06:36:59,2023-02-25 06:38:17,IP Address,213.124.188.4,100,78,True,2023-02-25 06:38:17,R_2Tz6htm7ZVXaZ7O,,,,,52.3672,4.918,anonymous,EN,Yuhui,16,r/gaming,,Sort by “top”,No,,,,,,,,,,,,,,,,,,,,,
2023-02-25 06:38:19,2023-02-25 06:38:37,IP Address,213.124.188.4,100,18,True,2023-02-25 06:38:37,R_2wAD9wn9wHz1Q9v,,,,,52.3672,4.918,anonymous,EN,Yuhui,16,r/gaming,,Sort by “controversial”,No,,,,,,,,,,,,,,,,,,,,,
2023-02-25 06:38:39,2023-02-25 06:40:11,IP Address,213.124.188.4,100,91,True,2023-02-25 06:40:11,R_xsH3V9WddaYurQJ,,,,,52.3672,4.918,anonymous,EN,Yuhui,17,r/gaming,,Sort by “top”,No,,,,,,,,,,,,,,,,,,,,,
2023-02-25 06:40:13,2023-02-25 06:40:36,IP Address,213.124.188.4,100,23,True,2023-02-25 06:40:37,R_3q9XhD8J8aJudDr,,,,,52.3672,4.918,anonymous,EN,Yuhui,17,r/gaming,,Sort by “controversial”,No,,,,,,,,,,,,,,,,,,,,,
2023-02-25 06:40:38,2023-02-25 06:43:00,IP Address,213.124.188.4,100,141,True,2023-02-25 06:43:00,R_1eWanHiEURHfdH5,,,,,52.3672,4.918,anonymous,EN,Yuhui,18,r/gaming,,Sort by “top”,Yes,No,No,No,No,No,No,No,,No,No,No,No,No,No,Yes,Yes,No,No,No,No,
2023-02-25 06:43:06,2023-02-25 06:44:11,IP Address,213.124.188.4,100,64,True,2023-02-25 06:44:11,R_2attdqIHxIzkFs8,,,,,52.3672,4.918,anonymous,EN,Yuhui,18,r/gaming,,Sort by “controversial”,No,,,,,,,,,,,,,,,,,,,,,
2023-02-25 06:45:00,2023-02-25 06:46:22,IP Address,213.124.188.4,100,82,True,2023-02-25 06:46:22,R_24BCPG6F7hgLa9J,,,,,52.3672,4.918,anonymous,EN,Yuhui,20,r/gaming,,Sort by “top”,No,,,,,,,,,,,,,,,,,,,,,
2023-02-25 06:46:24,2023-02-25 06:46:49,IP Address,213.124.188.4,100,24,True,2023-02-25 06:46:49,R_6RUrqyKSCagPP4l,,,,,52.3672,4.918,anonymous,EN,Yuhui,20,r/gaming,,Sort by “controversial”,No,,,,,,,,,,,,,,,,,,,,,
2023-02-25 06:46:59,2023-02-25 06:49:58,IP Address,213.124.188.4,100,179,True,2023-02-25 06:49:59,R_1242weaxr3kQ62U,,,,,52.3672,4.918,anonymous,EN,Yuhui,21,r/gaming,,Sort by “top”,Yes,No,No,No,No,No,No,No,,No,No,No,No,Yes,No,No,No,No,Yes,No,No,
2023-02-25 06:50:13,2023-02-25 06:50:33,IP Address,213.124.188.4,100,19,True,2023-02-25 06:50:33,R_cx3jDhvN2Efh4Jz,,,,,52.3672,4.918,anonymous,EN,Yuhui,21,r/gaming,,Sort by “controversial”,No,,,,,,,,,,,,,,,,,,,,,
2023-02-25 06:50:38,2023-02-25 06:52:25,IP Address,213.124.188.4,100,106,True,2023-02-25 06:52:25,R_Rw8ewGoljbQFGFj,,,,,52.3672,4.918,anonymous,EN,Yuhui,22,r/gaming,,Sort by “top”,Yes,No,No,No,No,No,No,No,,No,No,No,No,No,No,No,No,Yes,Yes,No,No,
2023-02-25 06:52:36,2023-02-25 06:53:14,IP Address,213.124.188.4,100,37,True,2023-02-25 06:53:14,R_1nORAHehS59XvGV,,,,,52.3672,4.918,anonymous,EN,Yuhui,22,r/gaming,,Sort by “controversial”,No,,,,,,,,,,,,,,,,,,,,,
2023-02-25 06:53:18,2023-02-25 06:57:42,IP Address,213.124.188.4,100,263,True,2023-02-25 06:57:42,R_3qKjXjEYYH0CkyT,,,,,52.3672,4.918,anonymous,EN,Yuhui,23,r/gaming,,Sort by “top”,Yes,No,No,No,No,No,No,No,,No,No,No,No,No,No,Yes,Yes,No,No,No,No,
2023-02-25 06:57:43,2023-02-25 06:59:36,IP Address,213.124.188.4,100,112,True,2023-02-25 06:59:36,R_4HqYT9ioXA4Ah7H,,,,,52.3672,4.918,anonymous,EN,Yuhui,23,r/gaming,,Sort by “controversial”,No,,,,,,,,,,,,,,,,,,,,,
2023-02-25 06:59:38,2023-02-25 07:02:48,IP Address,213.124.188.4,100,189,True,2023-02-25 07:02:48,R_1eXLBcroesHbqVx,,,,,52.3672,4.918,anonymous,EN,Yuhui,24,r/gaming,,Sort by “top”,Yes,No,No,No,No,No,No,No,,No,No,No,No,No,No,No,No,No,Yes,No,No,
2023-02-25 07:02:54,2023-02-25 07:04:39,IP Address,213.124.188.4,100,105,True,2023-02-25 07:04:40,R_2SlwlZyD0RITWcg,,,,,52.3672,4.918,anonymous,EN,Yuhui,24,r/gaming,,Sort by “controversial”,Yes,No,No,No,No,No,No,No,,No,No,Yes,No,No,No,No,No,Yes,No,No,No,
2023-02-25 07:04:53,2023-02-25 07:05:51,IP Address,213.124.188.4,100,57,True,2023-02-25 07:05:51,R_TgVhp5jvd0gGKT7,,,,,52.3672,4.918,anonymous,EN,Yuhui,25,r/gaming,,Sort by “top”,No,,,,,,,,,,,,,,,,,,,,,
2023-02-25 07:05:53,2023-02-25 07:06:52,IP Address,213.124.188.4,100,59,True,2023-02-25 07:06:53,R_UyWLdr76eUxx0gp,,,,,52.3672,4.918,anonymous,EN,Yuhui,25,r/gaming,,Sort by “controversial”,No,,,,,,,,,,,,,,,,,,,,,
2023-02-25 07:06:54,2023-02-25 07:09:05,IP Address,213.124.188.4,100,130,True,2023-02-25 07:09:06,R_1FsTvXv5frZm5rG,,,,,52.3672,4.918,anonymous,EN,Yuhui,26,r/gaming,,Sort by “top”,Yes,No,No,No,No,No,No,No,,No,No,No,No,No,No,Yes,No,Yes,Yes,No,No,
2023-02-25 07:09:07,2023-02-25 07:09:48,IP Address,213.124.188.4,100,41,True,2023-02-25 07:09:49,R_3Jg9E2nHPi7v1j4,,,,,52.3672,4.918,anonymous,EN,Yuhui,26,r/gaming,,Sort by “controversial”,No,,,,,,,,,,,,,,,,,,,,,
2023-02-25 07:09:50,2023-02-25 07:10:26,IP Address,213.124.188.4,100,35,True,2023-02-25 07:10:26,R_2pX33jQ5c99Ugxf,,,,,52.3672,4.918,anonymous,EN,Yuhui,27,r/gaming,,Sort by “top”,No,,,,,,,,,,,,,,,,,,,,,
2023-02-25 07:10:28,2023-02-25 07:10:45,IP Address,213.124.188.4,100,17,True,2023-02-25 07:10:45,R_3ssl4HDCDoJSjb2,,,,,52.3672,4.918,anonymous,EN,Yuhui,27,r/gaming,,Sort by “controversial”,No,,,,,,,,,,,,,,,,,,,,,
2023-02-25 07:10:47,2023-02-25 07:11:40,IP Address,213.124.188.4,100,53,True,2023-02-25 07:11:41,R_3GoVqNehMEc0Jq4,,,,,52.3672,4.918,anonymous,EN,Yuhui,28,r/gaming,,Sort by “controversial”,No,,,,,,,,,,,,,,,,,,,,,
2023-02-25 07:11:43,2023-02-25 07:13:10,IP Address,213.124.188.4,100,87,True,2023-02-25 07:13:11,R_2zTPPnTWZVNXFIZ,,,,,52.3672,4.918,anonymous,EN,Yuhui,28,r/gaming,,Sort by “top”,Yes,No,No,No,No,No,No,No,,No,No,No,No,No,No,Yes,No,No,No,No,No,
2023-02-25 07:13:12,2023-02-25 07:14:06,Spam,213.124.188.4,100,53,True,2023-02-25 07:14:06,R_3JxEw3F6WzxudtZ,,,,,52.3672,4.918,anonymous,EN,Yuhui,28,r/gaming,,Sort by “controversial”,No,,,,,,,,,,,,,,,,,,,,,
2023-02-25 07:14:08,2023-02-25 07:15:50,IP Address,213.124.188.4,100,101,True,2023-02-25 07:15:50,R_3QM3ikrbEmJsJfB,,,,,52.3672,4.918,anonymous,EN,Yuhui,29,r/gaming,,Sort by “top”,Yes,No,No,No,No,No,No,No,,No,No,No,No,No,No,Yes,No,Yes,Yes,No,No,
2023-02-25 07:15:59,2023-02-25 07:16:24,IP Address,213.124.188.4,100,25,True,2023-02-25 07:16:25,R_C8pCDtsOjuRUvmx,,,,,52.3672,4.918,anonymous,EN,Yuhui,29,r/gaming,,Sort by “controversial”,No,,,,,,,,,,,,,,,,,,,,,
2023-02-25 07:16:32,2023-02-25 07:21:42,IP Address,213.124.188.4,100,310,True,2023-02-25 07:21:42,R_31QICHcqi2p2bbG,,,,,52.3672,4.918,anonymous,EN,Yuhui,30,r/gaming,,Sort by “top”,Yes,No,No,Yes,No,No,No,No,,No,No,No,No,No,Yes,No,No,Yes,Yes,No,No,
2023-02-25 07:21:44,2023-02-25 07:23:47,IP Address,213.124.188.4,100,123,True,2023-02-25 07:23:48,R_214KBJi7TtS2fcD,,,,,52.3672,4.918,anonymous,EN,Yuhui,30,r/gaming,,Sort by “controversial”,Yes,No,No,Yes,Yes,No,No,No,,No,No,No,No,No,Yes,Yes,Yes,Yes,Yes,Yes,No,
2023-02-25 07:24:12,2023-02-25 07:27:48,IP Address,213.124.188.4,100,216,True,2023-02-25 07:27:48,R_3IRfE9af6dXfH2N,,,,,52.3672,4.918,anonymous,EN,Yuhui,31,r/gaming,,Sort by “top”,Yes,No,No,No,No,No,No,No,,No,No,No,No,No,No,No,Yes,No,No,No,No,
2023-02-25 07:27:50,2023-02-25 07:32:34,Spam,213.124.188.4,100,283,True,2023-02-25 07:32:34,R_3VEbJ28B7tfjmKd,,,,,52.3672,4.918,anonymous,EN,Yuhui,31,r/gaming,,Sort by “top”,Yes,No,No,No,No,No,No,No,,No,No,No,No,No,No,No,Yes,No,No,No,No,
2023-02-25 07:32:36,2023-02-25 07:33:45,IP Address,213.124.188.4,100,69,True,2023-02-25 07:33:45,R_246NmWr3JaHGUhr,,,,,52.3672,4.918,anonymous,EN,Yuhui,31,r/gaming,,Sort by “controversial”,Yes,No,No,No,No,No,No,No,,No,No,Yes,No,No,No,No,Yes,No,No,No,No,
2023-02-25 07:33:47,2023-02-25 07:36:11,IP Address,213.124.188.4,100,144,True,2023-02-25 07:36:11,R_1ML1TXMmZ0S7oZp,,,,,52.3672,4.918,anonymous,EN,Yuhui,32,r/gaming,,Sort by “top”,Yes,No,No,No,No,No,No,No,,No,No,No,No,No,Yes,Yes,No,No,No,No,No,
2023-02-25 07:36:13,2023-02-25 07:36:44,IP Address,213.124.188.4,100,30,True,2023-02-25 07:36:45,R_Thi7OgqZ4f0ZWg1,,,,,52.3672,4.918,anonymous,EN,Yuhui,32,r/gaming,,Sort by “controversial”,No,,,,,,,,,,,,,,,,,,,,,
2023-02-25 07:37:45,2023-02-25 07:38:34,IP Address,213.124.188.4,100,49,True,2023-02-25 07:38:35,R_2qmvZVagqDF1yhr,,,,,52.3672,4.918,anonymous,EN,Yuhui,19,r/gaming,,Sort by “top”,No,,,,,,,,,,,,,,,,,,,,,
2023-02-25 07:38:36,2023-02-25 07:39:01,IP Address,213.124.188.4,100,24,True,2023-02-25 07:39:01,R_1lADmamBZk29Zeu,,,,,52.3672,4.918,anonymous,EN,Yuhui,19,r/gaming,,Sort by “controversial”,No,,,,,,,,,,,,,,,,,,,,,
2023-02-25 07:39:03,2023-02-25 07:41:50,IP Address,213.124.188.4,100,167,True,2023-02-25 07:41:51,R_WeU11e1hz8wvbcB,,,,,52.3672,4.918,anonymous,EN,Yuhui,11,r/gaming,,Sort by “controversial”,Yes,Yes,No,No,No,No,No,No,,No,No,No,No,No,No,No,Yes,No,No,No,No,
2023-02-25 07:54:48,2023-02-25 07:56:05,IP Address,194.171.55.101,100,76,True,2023-02-25 07:56:05,R_1GCykJ0pL55MqOT,,,,,52.3583,4.8488,anonymous,EN,Inga,1,r/gaming,https://www.reddit.com//r/gaming/comments/zbjvgv/can_we_please_stop_abbreviating_games_with_little/,Sort by “top”,No,,,,,,,,,,,,,,,,,,,,,
2023-02-25 07:56:08,2023-02-25 07:56:41,IP Address,194.171.55.101,100,32,True,2023-02-25 07:56:42,R_3OoxcJwIONVGClv,,,,,52.3583,4.8488,anonymous,EN,Inga,1,r/gaming,https://www.reddit.com/r/gaming/comments/zbjvgv/can_we_please_stop_abbreviating_games_with_little/?sort=controversial,Sort by “controversial”,No,,,,,,,,,,,,,,,,,,,,,
2023-02-25 07:56:43,2023-02-25 07:58:09,IP Address,194.171.55.101,100,86,True,2023-02-25 07:58:09,R_ZE3rRJamV371Qe5,,,,,52.3583,4.8488,anonymous,EN,Inga,2,r/gaming,https://reddit.com//r/gaming/comments/y584zz/in_bioshock_infinite_there_are_washrooms_for/,Sort by “top”,No,,,,,,,,,,,,,,,,,,,,,
2023-02-25 07:58:17,2023-02-25 07:58:47,IP Address,194.171.55.101,100,30,True,2023-02-25 07:58:49,R_3k1E41xYZDnaEm9,,,,,52.3583,4.8488,anonymous,EN,Inga,2,r/gaming,https://reddit.com//r/gaming/comments/y584zz/in_bioshock_infinite_there_are_washrooms_for/,Sort by “controversial”,No,,,,,,,,,,,,,,,,,,,,,
2023-02-25 07:58:56,2023-02-25 08:01:28,IP Address,194.171.55.101,100,152,True,2023-02-25 08:01:28,R_1ltzEaFGZ81Pluc,,,,,52.3583,4.8488,anonymous,EN,Inga,3,r/gaming,https://reddit.com//r/gaming/comments/z10wtp/god_of_war_in_the_future/,Sort by “top”,Yes,No,No,No,No,No,No,No,,No,No,No,Yes,No,No,No,No,No,No,No,No,"the name of the protagonist of ""God of War"" is ""Kratos"", ""Crytos"" makes it sound futuristic"
2023-02-25 08:01:31,2023-02-25 08:02:58,IP Address,194.171.55.101,100,87,True,2023-02-25 08:02:59,R_2ve1rvdpIjdesYC,,,,,52.3583,4.8488,anonymous,EN,Inga,3,r/gaming,https://reddit.com//r/gaming/comments/z10wtp/god_of_war_in_the_future/,Sort by “controversial”,No,,,,,,,,,,,,,,,,,,,,,
2023-02-25 08:03:15,2023-02-25 08:03:53,IP Address,194.171.55.101,100,37,True,2023-02-25 08:03:53,R_3GlUn5gH0J8dG3b,,,,,52.3583,4.8488,anonymous,EN,Inga,4,r/gaming,https://reddit.com//r/gaming/comments/106lg69/old_graphics_new_graphics/,Sort by “top”,No,,,,,,,,,,,,,,,,,,,,,
2023-02-25 08:04:03,2023-02-25 08:04:28,IP Address,194.171.55.101,100,25,True,2023-02-25 08:04:29,R_SH0GYRRW0RhoiPL,,,,,52.3583,4.8488,anonymous,EN,Inga,4,r/gaming,https://reddit.com//r/gaming/comments/106lg69/old_graphics_new_graphics/,Sort by “controversial”,No,,,,,,,,,,,,,,,,,,,,,
2023-02-25 08:04:36,2023-02-25 08:06:44,IP Address,194.171.55.101,100,127,True,2023-02-25 08:06:44,R_2WHjRT6GrwSyNTK,,,,,52.3583,4.8488,anonymous,EN,Inga,5,r/gaming,https://reddit.com//r/gaming/comments/zhyrgs/told_my_son_we_could_watch_the_mario_bros_early/,Sort by “top”,Yes,Yes,No,No,No,No,No,No,,No,No,No,No,No,Yes,No,No,No,No,No,No,
2023-02-25 08:06:46,2023-02-25 08:09:08,IP Address,194.171.55.101,100,142,True,2023-02-25 08:09:08,R_2bUUwmljrWIRQFQ,,,,,52.3583,4.8488,anonymous,EN,Inga,5,r/gaming,https://reddit.com//r/gaming/comments/zhyrgs/told_my_son_we_could_watch_the_mario_bros_early/,Sort by “controversial”,No,,,,,,,,,,,,,,,,,,,,,
2023-02-25 07:42:02,2023-02-25 08:14:47,IP Address,213.124.188.4,100,1964,True,2023-02-25 08:14:47,R_2uKEmhOmwUNVXNF,,,,,52.3672,4.918,anonymous,EN,Yuhui,33,r/funny,,Sort by “top”,Yes,No,No,No,No,No,No,No,,No,No,No,No,No,No,Yes,Yes,No,No,No,No,
2023-02-25 08:09:57,2023-02-25 08:14:58,IP Address,194.171.55.101,100,301,True,2023-02-25 08:14:59,R_3ErS0hajqI9PEQg,,,,,52.3583,4.8488,anonymous,EN,Inga,6,r/gaming,6,Sort by “top”,Yes,No,No,Yes,Yes,No,No,No,,No,No,No,No,No,Yes,Yes,No,No,No,No,No,"the comment subverses an old joke/saying ""screw the pooch"""
2023-02-25 08:14:49,2023-02-25 08:15:23,IP Address,213.124.188.4,100,34,True,2023-02-25 08:15:24,R_0e3cHU5eMXvk3Dj,,,,,52.3672,4.918,anonymous,EN,Yuhui,33,r/funny,,Sort by “controversial”,No,,,,,,,,,,,,,,,,,,,,,
